十,じゅう・とお,10
いる,(a person) is in/stays at
〜まい,(counter for flat objects)
遅く,おそく,(do something) late
〜で,by (means of transportation)/with (a tool)
休み,やすみ,to be absent/to rest
ちょうと,a little
ちょっと違います。,ちょっとちがいます,a little different
電車がまいります。,A train is arriving
ごぜん,A.M.
ぐらい,about (roughly)
〜はついて,about
後,あと,after (an event)
先,せん・さき,ahead
空気,くうき,air
飛行機,ひこうき,airplane
みんな,all
みんなで,all of the people together
一人で,ひとりで,alone
もう,already
いつも,always
昔,むかし,ancient times
それから,and then
そして,and then
答,こたえ,answer
アパート,apartment
りんご,apple
美術館,びじゅつかん,art museum
できるだけ,as much as possible
後ろ,うしろ,back
悪い,わるい,bad
かばん,bag
荷物,にもつ,baggage
ぎんこう,bank
バーベキュー,barbeque
床屋,とこや,barber's
野球,やきゅう,baseball
お風呂,おふろ,bath
美容院,びよういん,beauty parlor
から,because
〜ので,because
ビール,beer
始まる,はじまる,begins
お弁当,おべんとう,bento
一番,いちばん,best
間,あいだ,between
じてんしゃ,bicycle
大,だい・たい・おお,big
生,う・せい・しょう,birth
誕生日,たんじょうび,birthday
黒い,くろい,black
黒板,こくばん,blackboard
青い,あおい,blue-colored
青,あお・せい,blue
乗車券,じょうしゃけん,boarding ticket
船,ふね,boat
ほにゃ,book store
本,ほん・もと,book/origin
肩言い方,かたいいかた,bookish expression
つもらない,boring
どちらでもいいです。,both are fine
〜行き,いき,bound for...
男の子,おとこのこ,boy
彼,かれ,boyfriend
パン,bread
あさごはん,breakfast
明,あか・めい,bright
頭がいい,あたまがいい,bright/smart/clever
兄弟,きょうだい,brothers and sisters
バス,bus
バスてい,bus stop
用事,ようじ,business to take care of
忙しい,いそがしい,busy
でも,but
。。。が,but
是非,ぜひ,by all means
ところで,by the way
きっさてん,cafe
食堂,しょくどう,cafeteria
ケーキ,cake
カメラ,camera
キャンプ,camp
使えません,つかえません,can't use it
京,きょう,capital
車,しゃ・くるま,car
猫,ねこ,cat
いす,chair
安い,やすい,cheap
乾杯,かんぱい,cheers!
子供,こども,children
子,し・こ,child
橋,はし,chopsticks
市,し・いち,city
クラス,class
授業,じゅぎょう,class
きれい,な,clean/beautiful
服,ふく,clothes
曇り,くもり,cloudy weather
サークル,club activity
下手,へた,clumsy/bad at
コーヒー,coffee
寒い,さむい,cold
風邪,かぜ,a cold
冷たい,つめたい,cold (things/people)
大学生,だいがくせい,college student
だいがく,college/university
くだけた言い方,くだけたいいかた,colloquial expression
色,いろ・しき・しょく,color
出身,しゅっしん,coming from
定期券,ていきけん,commuter's pass
会社,かいしゃ,company
社,しゃ・じゃ,company
コンせート,concert
便利,な,convenient
コンビニ,convenient store
涼しい,すずしい,cool (weather)
まる,correct
せき,cough
〜人,にん,counter for people
国,こく・ごく・こっ・くに,country
回数券,かいすうけん,coupons
牛,うし・ぎゅう,cow
クレジットカード,credit card
かわいい,cute
デート,date (romantic)
日,に・にち・び,day
休み,やすみ,day off/holiday
〜度,ど,degrees (temperature)
おいしい,delicious
先発,せんぱつ,departing first
二発,じぱつ,departing second
デパート,department store
つこえ,desk
方言,ほうげん,dialect
じしょ,dictionary
難しい,むずかしい,difficult
ばんごはん,dinner
嫌いな,きらいな,disgusted/to dislike
医者,いしゃ,doctor
この電車は秋葉原に止まりますか？,この電車はあきはばらにとまりますか？,Does this train stop at Akihabara?
犬,いぬ,dog
元気がない,don't look well
夢,ゆめ,dream
飲み物,のみもの,drink
ドライブ,drive
早い,はやい,early
早,はや・そう,early
早く,はやく,early/fast
東,とう・ひがし,east
優しい,やさしい,easy (problems)/kind (people)
簡単,な,easy/simple
八,はち,eight
八つ,やっつ,eight
電気,でんき,electricity
電,でん,electricity
マール,email
終わる,おわる,ends
えいご,English
入口,entrance
作文,さくぶん,essay
毎,まい,every
毎日,まいにち,every day
毎晩,まいばん,every night
毎週,まいしゅう,every week
試験,しけん,exam
例,れい,example
すみません,excuse me/sorry
練習,れんしゅう,exercise
出口,でぐち,exit
たかい,expensive/high
急行,きゅうこう,express
すごく,extremely
目,め,eye
顔,かお,face
秋,あき,fall
家族,かぞく,family
有名,ゆうめい,famous
有名人,ゆうめいじん,famous person
速い,はやい,fast
お父さん,おとうさん,father
父,ふ・ちち・とう,father
好,こう・す,favorite/to like
お祭り,おまつり,festival
火,か・ひ・び,fire
一番前,いちばんまえ,first car
さかな,fish
つり,fishing
五,ご・いつ,five
五つ,いつつ,five
便,びん,flight
花,はな,flower
好きな,すきな,fond of/to like
たべもの,food
例えば,たとえば,for example
初めて,はじめて,for the first time
二三日,にさんにち,for two to three days
〜か月,かげつ,for...months
〜週間,しゅうかん,for...weeks
外国,がいこく,foreign country
四,し・よん,four
四つ,よっつ,four
いちねんせい,freshman
ともだち,friend
怖い,こわい,frightening
〜から,from
前,まえ,front
楽しい,たのしい,fun
将来,しょうらい,future
ゲーム,game
改札,かいさつ,gate
自由席,じゆうせき,general admission seat
お大事に,おだいじに,get well soon
女の子,おんあのこ,girl
彼女,かのじょ,girlfriend
眼鏡,めがね,glasses
手袋,てぶくろ,gloves
神,かみ・じん・こう,god
いい,good
こんにちは,Good afternoon
いい子,いいこ,good child
こんばんは,Good evening
おはよお,Good morning
おはよおございます,Good morning (polite)
おやすみ,なさい,Good night
さようなら,Good-bye
かっこいい,good-looking
成績,せいせき,grade (on a test)
大学院生,だいがくいんせい,graduate student
おじいさん,grandfather/old man
おばあさん,grandmother/old woman
おちゃ,green tea
ギター,guitar
髪,かみ,hair
半,はん,half
ハンバーガー,hamburger
手,て・しゅ,hand
二日酔い,ふつかよい,hangover
元気,げんき,healthy/energetic
天,てん,heaven
もしもし,hello?
ここ,here
高,こう・たか,high
こうこう,high school
こうこうせい,high school student
うち,home/my place
ホームシック,homesick
ホームステイ,homestay
宿題,しゅくだい,homework
びょういん,hospital
ホストファミリー,host family
暑い,あつい,hot (weather)
ホテル,hotel
いえ,house
しゅふ,housewife
どうですか,how about?/how is?
はじめまして,How do you do?
いくら,how much
どのくらい,how much/how long
どうやって,how/by what means
百,ひゃく・びゃく・ぴゃく_,hundred
痛い,いたい,hurt
私,わたし,I
僕,ぼく,I
知りません,しりません,I don't know
知っています,しっています,I know
いってきます,I'll go and come back
ただいま,I'm home
ごめんなさい,I'm sorry.
私,し・わたし,I/private
アイスクリーム,ice cream
よかったら,if you like
病,びょう,ill/sick
〜後,〜ご,in...time;after...
都合が悪い,つごうがわるい,inconvenient/scheduling conflict
中,なか,inside
院,いん,institution
面白い,おもしろい,interesting/funny
りゅうがくせい,international student
そうですか,Is that so?/I see
久しぶりだ,ひさしぶり,it has been a long time
雨が降る,あめがふる,it rains
大丈夫,だいじょうぶ,it's ok/everything is under control
日本,Japan
ジーンス,jeans
仕事,しごと,job/work
ジュース,juice
〜だけ,just/only
歌舞伎,かぶき,Kabuki
かんじ,kanji
カラオケ,karaoke
親切,な,kind
湖,みずうみ,lake
大きい,おおきい,large
一番後ろ,いちばんうしろ,last car
先月,せんげつ,last month
終電,しゅうでん,last train
せんしゅう,last week
去年,きょねん,last year
後で,あとで,later on
べんごし,lawyer
学,がく・がっ・まな,learning
左,さ・ひだり,left
足,あし,leg/foot
てがみ,letter
としょかん,library
生活,せいかつ,life/living
〜行目,ぎょうめ,line number
きいてください。,Listen please./Ask please.
にざやかな,lively
普通,ふつう,local
寂しい,さびしい,lonely
長い,ながい,long
長,ちょう・なが,long
ひろごはん,lunch
ざっし,magazine
せんこう,major
男,だん・おとこ,man
男の人,man
たくさん,many/alot
試合,しあい,match/game
多分,たぶん,maybe
意地悪,いじわる,mean-spirited
意味,いみ,meaning
薬,くすり,medicine
員,いん,member
メニュウ,menu
牛乳,ぎゅうにゅう,milk
マイナス,minus
分,ふん・ぷん・わ,minute/to divide
金,きん・かね,money
お金,おかね,money
月,げつ・つき,month
もっと,more
だいたい同じです。,more or less the same
あさ,morning
朝,ちょう・あさ,morning
お母さん,おかあさん,mother
母,ぼ・はは・かあ,mother
山,やま・さん,mountain
山,やま,mountain
口,こう・くち・ぐち,mouth
えいが,movie
よく,much/often
市民病院,しみんびょういん,municipal hospital
おんがく,music
なまえ,name
狭い,せまい,narrow
近,ちか・きん,near
今度,こんど,near future
近く,ちかく,nearby
新しい,あたらしい,new
新,しん・あたら,new
お正月,おしょうがつ,New Year's
しんぶん,newspaper
隣,となり,next
次,つぎ,next
次,じ・つぎ,next
来月,らいげつ,next month
来学期,らいがっき,next semester
次は〜,つぎは,next stop
次は〜に止まります。,つぎに〜にとまります,Next stop is...
来週,らいしゅう,next week
来年,らいねん,next year
素敵,すてき,nice
よろしくおねがいします,nice to meet you
夜,や・よる・よ,night
九,きゅう・く・ここの,nine
九つ,ここのつ,nine
ううん,no
ダメです。,no good
結構です,けっこうです,No thanks/that would be fine
いいえ,no/not at all
禁煙車,きんえんしゃ,nonsmoking car
北,ほく・ほっ・きた,north
暇な,ひまな,not busy/lots of free time
あまり,not much
ぜんぜん,not much at all/never
まだ,not yet
何も,なにも,not...anything
ノート,notebook
別に,べつに,nothing in particular
今,こん・いま,now
ばんごう,number
一号車,いちごうしゃ,number one car
もちろん,of course
会社員,かいしゃいん,office worker
まあまあ,okay/so-so
古い,ふるい,old (not for people)
お兄さん,おにいさん,older brother
お姉さん,おねえさん,older sister
姉,あね,older sister
上,うえ,on
歩いて,あるいて,on foot
一,いち・ひと,one
一つ,ひとつ,one
一時間,いちじかん,one hour
一人,ひとり,one person
片道,かたみち,one way
〜か〜,or
元,元・げん・ガン,origin
外,がい・そと,outside
あそこ,over there
午後,ごご,P.M.
ページ,page
パンツ,pants
紙,がみ・し,paper
かっこ,parenthesis
公園,こうえん,park
アルバイト,part time job
パーティー,party
えんぴつ,pencil
人,ひと・じん・にん,person
パンコン,personal computer
写真,しゃしん,photograph/picture
ピアノ,piano
画,が・かく,picture
ピザ,pizza
所,ところ,place
所,じょ・ところ,place
ホーム,platform
をねがいします,please
をください,please give me
いってらしゃい,Please go and come back (be safe)
もういちどいってください。,Please say it again.
ゆっくりいってください。,Please say it slowly.
やめてください。,please stop
ちょっとまってください。,Please wait.
どうぞ,please/here it is
〜点,てん,points
政治,せいじ,politics
とんかつ,pork cutlet
ゆうびんきょく,post office
はがき,postcard
プレゼント,present
社長,しゃちょう,president of a company
〜でしょう,probably/... right?
発音,はつおん,pronounciation
質問,しつもん,question
静かな,しずかな,quiet
雨,あめ,rain
本当ですか,ほんとうですか,really?
赤い,あかい,red-colored
赤,あか・せき,red
予約,よやく,reservation
指定席,していせき,reserved seat
レストラン,restaurant
お手洗い,おてあらい,restroom
田,た・だ,rice field
ごはん,rice/meal
お金持ち,おかねもち,rich person
右,みぎ,right
右,う・ゆう・みぎ,right
正,しょう・ただ,right
川,かわ・がわ,river
部屋,へや,room
ルームメート,roommate
往復,おうふく,round trip
おさけ,sake
同じです,same thing
学校,がっこう,school
校,こう,school
海,うみ,sea
季節,きせつ,season
自,じ,self
文,ぶん,sentence
〜方面,ほうめん,serving...areas
七,しち・なな,seven
七つ,ななつ,seven
新幹線,しんかんせん,Shinkansen
シャツ,shirt
くつ,shoes
売店,ばいてん,shop/stand
かいもの,shopping
背が低い,せがひくい,short
短い,みじかい,short
シャワー,shower
神社,じんじゃ,shrine
病気,びょうき,sickness
歌手,かしゅ,singer
六,ろく,six
六つ,むっつ,six
スキー,ski
上手,じょうず,skillfull/good at
眠い,ねむい,sleepy
遅い,おそい,slow/late
ゆっくり,slowly
小さい,ちいさい,small
小,しょう・ちい,small
雪,せつ・ゆき,snow
雪,ゆき,snow
サッカー,soccer
土,ど・つち,soil
何か,なにか,something
時々,ときどき,sometimes
歌,うた,song
南,なん・みなみ,south
おみやげ,souvenir
温泉,おんせん,spa/hot spring
気,き,spirit
スポーツ,sports
春,はる,spring
階段,かいだん,stairs
きって,stamps
標準語,ひょうじゅんご,standard Japanese
駅,えき,station
お腹,おなか,stomach
強,きょう・つよ,strong
がくせい,student
学割,がくわり,student discount
地下鉄,ちかてつ,subway
夏,なつ,summer
晴れ,はれ,sunny weather
特急,とっきゅう,super express
スーパー,supermarket
すし,sushi
甘い,あまい,sweet
お菓子,おかし,sweets/snacks
々,symbol for repeating kanji
Tシャツ,t-shirt
背が高い,せがたかい,tall
せんせい,teacher
でんわ,telephone
気温,きおん,temperature
おてら,temple
天ぷら,てんぷら,tempura
十,とお,ten
万,まん,ten thousand
テニス,tennis
テスト,test
教科書,きょうかしょ,textbook
ありがとう,Thank you
どうも,thank you
ありがとうございます,Thank you (polite)
いただきます,Thank you for the meal
ごちそうさま,でした,thank you for the meal (after you eat)
その,that
それ,that one
あれ,that one over there
あの,that over there
今日はこれで終わります。,That's it for today.
そうです,that's right
残念,ざんえん,that's too bad
明後日,あさって,the day after tomorrow
ドアが閉まります。ご注意ください。,ドアがしまります。ごちゅういください。,The doors are closing. Please be careful.
じゃあ,then..../if that is the case...
そこ,there
多い,おおい,there are many...
ある,there is
だから,therefore
このごろ,these days
事,じ・ごと,thing
この,this
今月,こんげつ,this month
今朝,けさ,this morning
これ,this one
こちら,this person (polite)
今学期,こんがっき,this semester
今週,こんしゅう,this week
今年,ことし,this year
千,せん・ぜん,thousand
三,さん,three
三つ,みっつ,three
喉,のど,throat
切符,きっぷ,ticket
切符売り場,きっぷうりば,ticket vending area
時,じ・とき,time
度,ど,time/degrees
〜まで,to a place/as far as a place/until a time
聞く,きく,to ask
太ってます,to be fat
興味がある,きょうみがる,to be interested in
遅くなる,おそくなる,to be late
遅刻する,ちこくする,to be late
人気がある,にんきがる,to be popular
やせています,to be thin
なる,to become
お腹が空く,おなかがすく,to become hungry
喉が渇く,のどがかわく,to become thirsty
始める,はじめる,to begin
借りる,かりる,to borrow
別れる,わかれる,to break up/to separate
連れてくる,つれてくる,to bring (a person)
持ってくる,もってくる,to bring (a thing)
かう,to buy
買,ばい・か,to buy
電話する,でんわする,to call
持つ,もつ,to carry/hold on
風邪をひく,かぜをひく,to catch a cold
掃除する,そうじする,to clean
登る,のぼる,to climb
閉める,しめる,to close something
くる,to come
料理する,りょうりする,to cook
せきが出る,せきがでる,to cough
切る,きる,to cut
サボろ,to cut (classes)
踊る,おどる,to dance
決める,きめる,to decide
死ね,しね,to die
する,to do/to decide on/to wear (small items)
運動する,うんどうする,to do exercise
洗濯する,せんたくする,to do laundry
やる,to do/to perform
飲む,のむ,to drink
飲,いん・の,to drink
運転する,うんてんする,to drive
食べる,たべる,to eat
食,しょく・た,to eat
入る,はいる,to enter
入,にゅう・はい・い・いり,to enter
有,ゆう・あ,to exist
出,しゅつ・しゅっ・だ・で,to exit
出る,でる,to exit/appear/attend
喧嘩する,けんかする,to fight
忘れる,わすれる,to forget/leave behind
太る,ふとる,to gain weight
もらう,to get (from somebody)
結婚する,けっこんする〜を,to get married
緊張する,きんちょうする,to get nervous
降りる,おりる,to get off
疲れる,つかれる,to get tired
しる 〜を,to get to know
起きる,おきる,to get up
起,お・き,to get up
行く,いく,to go
行,こう・ぎょう・い,to go
ダイエットする,to go on a diet
出かける,でかける,to go out
大嫌いな,だいきらいな,to hate
熱がある,ねつがある,to have a fever
手伝う,てつだう,to help
持,じ・も,to hold
急ぐ,いそぐ,to hurry
紹介する,しょうかいする,to introduce
習う,ならう,to learn
連,れん・つ,to link
聞,ぶん・き,to listen
聞く,きく,to listen/to hear
住む,すむ,to live
住,じゅう・す,to live
なくす,to lose
やせる,to lose weight
大好きな,だいすきな,to love
作,さく・つく,to make
作る,つくる,to make
電話をかける,でんわをかける,to make a phone call
勉,べん・つと,to make efforts
会,かい・あ,to meet
会う,あう,to meet (a person)
覚える,おぼえる,to memorize
いる,to need
開ける,あける,to open (something)
飼う,かう,to own (a pet)
払う,はらう,to pay
弾く,ひく,to play (a stringed instrument)
遊ぶ,あそぶ,to play/spend time pleasantly
練習する,れんしゅうする,to practice
かぶる ~を,to put on (a hat)
着る,きる〜を,to put on (clothes above the waist)
"",眼鏡をかける,to put on (glasses)
はく　〜を,to put on (items below your waist)
止める,やめる,to quit
読む,よむ,to read
読,どく・よ,to read
映,えい・うつ,to reflect
休,やす・きゅう,to rest
帰,き・かえ,to return
返す,かえす,to return (a thing)
かえる,to return/go back
乗る,のる,to ride/to board
言,げん・い・こと,to say
言う,いう,to say
見,けん・み,to see
見る,みる,to see/to watch/to look at
売,ばい・う,to sell
別,べつ・わか,to separate
仕,し・つか,to serve
歌う,うたう~を,to sing
歌,か・うた,to sing
座る,すわる,to sit down
寝る,ねる,to sleep
タバコを吸う,たばこをすう,to smoke
話す,はなす,to speak/talk
立,りつ・た,to stand
立つ,たつ,to stand up
ジロジロ見る,じろじろみる,to stare at
泊まる,とまる,to stay (at a hotel)
勉強する,べんきょうする,to study
留学する,りゅうがくする,to study abroad
泳ぐ,およぐ,to swim
とる,to take (a picture)
持っていく,もっていく,to take (a thing)
取る,とる,to take (class)/to get (a grade)
かかる,to take (time/money)
お風呂に入る,おふろにはいる,to take a bath
シャワーを浴びる,あびる,to take a shower
散歩する,さんぽする,to take a walk
薬を飲む,くすりをのむ,to take medicine
うそをつく,to tell a lie
思,し・おも,to think
思う,おもう,to think
捨てる,すてる,to throw away
旅行する,りょこうする,to travel
消す,けす,to turn off/erase
つける,to turn on
分かる,わかる,to understand
使う,つかう,to use
使,つか・し,to use
待つ,まつ,to wait
歩く,あるく,to walk
洗う,あらう,to wash
働く,はたらく,to work
働,どう・はたら・ばたら,to work
勤める,つとめる,to work for
心配する,しんぱいする,to worry
かく,to write
今日,きょう,today
一緒に,いっしょに,together
トイレ,toilet
トマト,tomato
あした,tomorrow
こんばん,tonight
歯,は,tooth
大変,たいへん,tough (situation)
町,ちょう・まち,town
おもちゃ,toy
〜番線,ばんせん,track number
電車,でんしゃ,train
乗り替え,のりがえ,transfer
旅行,りょこう,travel
旅,りょ・たび,travel
木,もく・も,tree
テレビ,TV
二,に・ふた,two
二つ,ふたつ,two
二人,ふたり,two people
あの,um...
かさ,umbrella
下,した,under
たいてい,usually
やさい,vegetable
とても,very
もうすぐ,very soon/in a few moments/days
さいふ,wallet
暖かい,あたたかい,warm
とけえ,watch
水,みず・すい,water
道,どう・みち,way
間も無く覇者します,まもなくはしゃします,we will leave soon
天気,てんき,weather
天気予報,てんきよほう,weather forecast
曜,よう,weekday
しゅうまつ,weekend
いらっしゃいませ,welcome
おかえり,なさい,welcome home
西,せい・にし,west
何,なに・なん,what
どんな,what kind of...
なん・何,what?
いつ,when
どこ,where
どちら/どっち,which
どれ,which one?
どの,which?
白い,しろい,white
誰,だれ,who?
どうして,why
窓,まど,window
冬,ふゆ,winter
女,じょ・おんな,woman
女の人,おんなのひと,woman
語,ご,word
単語,たんご,word/vocabulary
しごと,"work, job, occupation"
世界,せかい,world
ばつ,wrong
年,ねん・とし,year
〜年,ねん,years
円,えん・まる,yen/circle
ええ,yes
はい,yes
うん,yes
昨日,きのう,yesterday
あなた,you
若い,わかい,young
弟,おとうと,younger brother
妹,いもうと,younger sister
無茶,むちゃ,unreasonable/excessive/absurd
ウェイター,waiter
お宅,おたく,someone's home
外国語,foreign language
楽器,がっき,musical instrument
空手,からて,karate
カレー,curry
着物,きもの,kimono
広告,こうこく,advertisement
紅茶,こうちゃ,black tea
言葉,ことば,language
ゴルフ,golf
セーター,sweater
象,ぞう,elephant
バイオリン,violin
バイク,motorcycle
物価,ぶっか,prices
文法,ぶんぽう,grammar
弁護士,べんごし,lawyer
募集,ぼしゅう,recruitment
店,みせ,shop
やくざ,yakuza
約束,やくそく,promise/appointment
レポート,term paper
私,わたくし,I (formal)
嬉しい,うれしい,glad
悲しい,かなしい,sad
辛い,からい,hot and spicy
厳しい,きびしい,strict
すごい,awesome
近い,ちかい,near/close
いろいろ,various/different kinds
幸せ,しあわせ,happy
だめ,no good
編む,あむ,to knit (を）
貸す,かす,to rent/to lend
頑張る,がんばる,to try hard/do your best
泣く,なく,to cry
磨く,みがく,to brush/to polish
約束を守る,やくそくをまもる,to keep a promise
感動する,かんどうする,to be moved by/touched by
いらっしゃいます,welcome home
〜回,かい,...times
〜キロ,kilograms/kilometers
実は,じつは,as a matter of fact
全部,ぜんぶ,all
〜と申します,ともうします,my name is
一日,いちにち,one day
兄,あに,(my) older brother
大家さん,おおやさん,landlord
お返し,おかえし,return (as a token of gratitude)
奥さん,おくさん,(your/his) wife
おじさん,uncle
おばさん,aunt
グラス,glass
クリスマス,Christmas
ご主人,ごしゅじん,(your/her) husband
皿,さら,plate
時間,じかん,time
チケット,ticket
めいぐるみ,stuffed animal
ネクタイ,necktie
バレンタインデー,Valentine's Day
ビデオカメラ,camcorder
夫婦,ふうふ,married couple
マフラー,scarf
漫画,まんが,comic book
マンション,apartment building/condominium
みかん,mandarin orange
皆さん,みなさん,everyone/all of you
指輪,ゆびわ,ring
ラジオ,radio
両親,りょうしん,parents
履歴書,りれきしょ,resume
欲しい,ほしい,wanted
けち,stingy/cheap
送る,おくる,to send
似合う,にあう,to look good (on somebody)
諦める,あきらめる,to give up
あげる,to give (to others)
くれる,to give (me)
相談する,そうだんする,to consult
プロポーズする,to propose
同じ,the same
 〜くん,Mr/Ms (casual)
こんな〜,like this/this kind of
ちょうど,exactly
どうしたらいい,what should one do
よく,well
〜個,こ,counter for small items
〜冊,さつ,counter for bound volumes
〜台,だい,counter for equipment
〜匹,ひき,counter for small animals
〜本,ほん,counter for long objects
物,もの,thing
鳥,とり・ちょう,bird
料,りょう,ingredients
理,り,reason
特,とく・とっ,special
安,やす・あん,cheap/ease
飯,はん,food/cooked rice
肉,にく,meat
悪,あく・わる,bad/wrong
体,たい・からだ,body
空,くう・そら・から,sky/empty
港,こう・みなと,port/harbor
着,ちゃく・つ・き,to reach/wear
海,うみ・かい,sea
昼,ちゅう・ひる,noon/daytime
気分,きぶん,feeling/mood
一生,いっしょう,whole lifetime
一度,いちど,one time
経験,けいけん,experience
特に,とくに,especially
珍しい,めずらしい,rare
何でも,なんでも,anything/everything
鍋,なべ,pot
不安な,ふあんな,uneasy/worried
すっぽん,snapping turtle
かめ,turtle
体にいい,good for health
一生に一度,once in a lifetime
やっぱり,after all
もう〜ない,not any longer
満員電車,まんいんでんしゃ,jam-packed train
第一印象,だいいちいんしょう,first impression
混む,こむ,to get crowded
混むでいる,こむでいる,to be crowded
空港,くうこう,airport
着く,つく,to arrive
ラッシェ,rush hour
考える,かんがえる,to think about
スーツケース,suitcase
口座,こうざ,account
手数料,てすうりょう,comission
キャッシュカード,bank card
通帳,つうちょう,passbook
預金,よきん,savings
百円玉,ひゃくえんだま,100-yen coin
金額,きんがく,amount
暗証番号,あんしょうばんごう,personal idenfication number
お預け入れ,おあずけいれる,deposit
お引き出し,おひきだし,withdrawal
通帳記入,つうちょうきにゅう,passbook update
お振込,おふりこみ,bank transfer
クレジットカード,credit card
残高照会,ざんだかしょうかい,balance inquiry
ひょっこり,all of a sudden 
宝物,たからもの,Treasured item/prized possession 
連絡,れんらく,to contact
不思議,ふしぎ,wonder/miracle/mystery
生き物,いきもの,living thing/animal
草,くさ,grass
洞窟,どうくつ,cave
戦う,たたかう,battle
教える,おしえる,to teach
お任せ,おまかせ,leaving the descision to someone else
ご機嫌,ごきげん,humour/humor/mood/spirits
到着,とうちゃく,arrival
引っ越す,ひっこす,to move house
準備,じゅんび,preparation
太陽,たいよう,sun/solar
眩しい,まぶしい,dazzling/radiant
片付ける,かたずける,to tidy up
呼ぶ,よぶ,to call/invite
手帳,てちょう,notebook/diary
本体,ほんたい,real form/main part
戦闘,せんとう,battle/fight/combat
遠い,とおい,distant
離れる,はなれる,to be apart
絶対,ぜったい,absolutely
暮らす,くらす,to get along/spend time
探検,たんけん,exploration/expedition
心得る,こころえる,to know/understand/be aware of
帽子,ぼうし,hat
叢・草むら,くさむら,grassy place/clump of bushes
形,かたち,shape/form/style
いつの間にか,いつのまにか,before one knows/before one becomes aware
繰り出す,くりだす,to let out/to send out
技,わざ,skill/ability/art
近づく,ちかづく,to approach
危ない,あぶない,dangerous
科学,かがく,science
世界中,せかいじゅう,around the world
驚く,おどろく,to be surprised
勝手に,かってに,arbitrarily/voluntarily
飛び出す,とびだす,to jump out/rush out/fly out
楽園,らくえん,paradise
博士,はかせ,Dr/expert
潜む,ひそむ,to lurk/to be concealed
野生,やせい,wild
襲う,おそう,to attack
平気,へいき,coolness/calmness
選ぶ,えらぶ,to choose
相手,あいて,companion/partner
手持ち,てもち,in hand/on hand
加える,くわえる,to add up/to append
渡す,わたす,to cross a river
頑丈,がんじょう,solid/firm/sturdy
岩,いわ,boulder
壊す,こわす,demolition/break/destroy
勝つ,かつ,to win
拾う,ひろう,to pick up
冒険,ぼうけん,adventure/risk
戻る,もどる,to return/restore
願う,ねがう,to request/petition
勝負,しょうぶ,victory or defeat/match/contest
見事,みごと,splendid/beautiful/admirable
守り神,まもりがみ,guardian deity
解決,かいけつ,settlement/solution/resolution
効果,こうか,effectiveness
バツグン,distinction/extraordinariness
倒れる,たおれる,to fall/to drop
経験値,けいけんち,experience points
波に乗る,なみにのる,to go with the flow
越える,こえる,to cross over
発展,はってん,growth/development
ともに,together/jointly
仲間,なかま,company/fellow/colleague
穏やか,おだやか,calm/gentle/quiet
一生懸命,いっしょうけんめい,very hard/with utmost effort
集める,あつめる,to collect
笑う,わらう,to love
寝る,ねる,to lie down
すっかり,totally/entirely
姿,すがた,figure/form/shape
大切,たいせつ,important/necessary
身勝手,みがって,selfish
助手,じょしゅ,helper/assistant
用事,ようじ,tasks/things to do
勇気,ゆうき,courage
優しい,やさしい,kind/gentle
立派,りっぱ,splendid/handsome/elegant
喜ぶ,よろこぶ,to rejoice
道具,どうぐ,tool/utensil
記録,きろく,record/document
参加,さんか,participation
大事,だいじ,important/serious/crucial
運命,うんめい,fate/destiny
基本,きほん,foundation/standard
捕まえる,つかまえる,to catch/to arrest
味方,みかた,friend/ally
祈ります,to pray
台本,だいほん,script
絵,え,painting/picture/drawing
映画館,えいがかん,movie theater
外国人,がいこくじん,foreigner
家具,かぐ,furniture
クラブ,night club
結婚式,けっこんしき,wedding
地震,じしん,earthquake
締め切り,しめきり,deadline
ジャッケット,jacket
習慣,しゅうかん,custom
税金,ぜいきん,tax
卒業式,そつぎょうしき,graduation ceremony
そば,soba
地図,ちず,map
電池,でんち,battery
庭,にわ,garden
発表,はっぴょう,presentation
番組,ばんぐみ,broadcast program
プール,pool
ペット,pet
保険,ほけん,insurance
予定,よてい,schedule/plan
旅館,りょかん,Japanese inn
割引券,わりびきけん,discount coupon
広い,ひろい,spacious/wide
売る,うる,to sell
下ろす,おろす,to withdraw
描く,かく,to draw/to paint
探す,さがす,to look for
誘うと,さそう,to invite
喋る,しゃべる,to chat
付き合う,つきあう,to date someone/to keep company
保険に入る,ほけんにはいる,to buy insurance
気をつける,きをつける,to be cautious/careful
調べると,しらべる,to look into (a matter)
見える,みえる,to be visible
観光する,かんこうする,to do sightseeing
卒業する,そつぎょうする,to graduate from
予約する,よやくする,to reserve
一日中,いちにちじゅう,all day long
。。。けど,but/so
最近,さいきん,recently
〜目,-th
もう一度,もういちど,on more time
島,しま,island
感謝,かんしゃ,thanks/gratitude
田舎,いなか,rural area
材木,ざいもく,lumber/timber
苦手,にがて,poor/weak
巡り,めぐり,pilgrimage/tour
無事,ぶじ,safety/peace/quietness
好奇心旺盛,こうきしんおうせい,brimming with curiosity
満足,まんぞく,satisfaction/complacency/sufficient
加工,かこう,manufacturing/processing/treatment
必要,ひつよう,needed/essential/necessary
使命,しめい,mission/errand/duty
各地,かくち,every place/various places
最強,さいきょう,strongest
詳しい,くわしい,detailed
限界,げんかい,limit/bound
越える,こえる,transcend
若者,わかもの,young man/young woman
渡る,わたる,transit/ferry/cross
挑む,いどむ,to challenge
託,たく,requesting/entrusting with
調査隊,ちょうさたい,research team
光,ひかり,ray/light
扱う,あつかう,handle/treat
魅力,みりょく,charm/fascination
感じる,かんじる,to feel/to experience/to sense
期待,きたい,expectation/anticipation/hope
新人,しんじん,new face/newcomer
研究,けんきゅう,study/research
頼む,たのむ,to request/to beg/to order
案内する,あんあい,guidance/showing around
お小遣い,おこづかい,personal expenses/pocket money
研究所,けんきゅうしょ,research institute
囲む,かこむ,to surround
秘める,ひめる,secret/conceal
信頼,しんらい,trust/faith/confidence
存在,そんざい,existence/being
吊り橋,つりばし,suspension bridge/rope bridge
秘密,ひみつ,secret/secrecy
段差,だんさ,difference in level (roads/paths)/ ramps/steps
通る,とおる,traffice/avenue/commute
趣,おもむき,meaning/effect
世話,せわ,looking after/help
未熟,みじゅく,unripe/inexperience
役に立つ,やくにたつ,to be helpful/useful
屋根,やね,roof
白衣,はくい,white robe (doctor's)
裁縫,さいほう,sewing
結局,けっきょく,after all/eventually
はかどる,to make progress
独り言,ひとりごと,monologue
入り込む,はいりこむ,to go into/to step in/to penerate
能力,のうりょく,ability
最大限,さいだいげん,maximum/to the max
活きる,いきる,lively/living
新時代,しんじだい,new period/new age
世間的,せけんてき,public/ordinary
数える,かぞえる,number/count/math
慣れる,なれる,accustomed to
目的,もくてき,purpose/goal
目的地,もくてきち,place of destination
頼る,たよる,to rely on/depend on
知識,ちしき,information/knowledge
味,み・あじ,flavor/taste
注,ちゅう・そそ,to pour/to shed
夏,か・なつ,summer
魚,ぎょ・さかな・うお,fish
寺,じ・てら,temple
広,こう・ひろ,wide
転,ころ・てん,roll over
借,しゃく・か,borrow
走,はし・そう,run
建,たて・けん,build
地,ち,ground
場,じょう・ば,place
足,あし・そく,foot/leg
死,し,death
駅員,えきいん,station attendant
大きさ,おおきさ,size
親,おや,parent
期末試験,きまつしけん,final examination
ごみ,garbage
砂糖,さとう,sugar
奨学金,しょうがくきん,scholarship
親せき,しんせき,relatives
推薦状,すいせんじょう,letter of recommendation
大学院,だいがくいん,graduate school
台風,たいふう,typhoon
ファイル,file
道,みち,road/way
目覚まし時計,めざましどけい,alarm clock
汚い,きたない,dirty
起こす,おこす,to wake someone up
奢る,おごる,to treat someone to a meal
落ち込む,おちこむ,to get depressed
困る,こまる,to have difficulty
出す,だす,to take something out/to hand in something
連れて行く,つれていく,to take someone to a place
直す,なおす,to correct/fix
道に迷う,みちにまよう,to become lost
見つかる,みつかる,to be found
迎えに行く,むかえにいく,to go to pick up
訳す,やくす,to translate
アイロンをかける,to iron
入れる,いれる,to put something in
乗り遅れる,のりおくれる,to miss
見せる,みせる,to show
朝寝坊する,おさねぼうする,to oversleep
説明する,せつめいする,"to explain
"
迎えに来る,むかえにくる,to come to pick something up
今日中に,きょうじゅうに,by the end of today
この間,このあいだ,the other day
このぐらい,about this much
これから,from now on
失礼します,しつれいします,excuse me/sorry
自分で,じぶんで,do something by oneself
授業中に,じゅぎょうちゅうに,in class/during the class
他の,ほかの,other
身につける,みにつける,to learn/acquire knowledge
一歩,いっぽ,step/level/stage/small degree
安心,あんしん,relief/piece of mind
互いに,たがいに,mutually/with each other
隣,となり,neighbor/next to
日食,にっしょく,solar eclipse
一部,いちぶ,one part/one section
隠す,かくす,conceal/hide/cover
打ち消す,うちけす,to deny/contradict
起源,きげん,origin/beginning/rise
急に,きゅうに,quickly/hastily
傷つく,きずつく,to be wounded
異なる,ことなる,to differ/to disagree
年上,としうえ,older/senior
追い越す,おいこす,to pass/to overtake/to surpass
得る,える,to gain/find/earn/acquire
途中,とちゅう,on the way/in the middle of
知らせ,しらせ,news/word/tidings/notice
怒り,いかり,anger/rage
試練,しれん,test/trial/probation
動く,うごく,to move/to stir/to operate
案,あん,plan/suggestion/draft
撫でる,なでる,to stroke/to caress/to brush gently
皆の衆,みなのしゅう,everybody
街,まち,boulevard
はるばる,from afar
出回る,でまわる,to appear on the market/to be in season
拡張,かくちょう,expansion/extension
 撮影,さつえい,photography
説明,せつめい,explanation
ごらん,please try to/please look
貼る,はる,to stick/paste/apply
自然,しぜん,nature/natural/spontaneous
油断,ゆだん,intelligence
向こう,むこう,opposite
騒ぐ,さわぐ,to make noise/ to disturb
奪う,うばう,to snatch away/to steal
纏める,まとめる,to put together/to collect
茂み,しげみ,thicket
向かう,むかう,to face/to go towards
瀕する,ひんする,to be on the verge of
鎮める,しずめる,to tranquilize
伝わる,つたわる,to transmit/walk along/report
自慢,じまん,pride/boast
足止め,あしどめ,preventing someone from leaving
因む,ちなむ,to be associated with
ちょっぴり,a tiny bit
通信,つうしん,communication
交換,こうかん,exchange/switching
進む,すすむ,advance/progress/promote
降り注ぐ,ふりそそぐ,to downpour
場所,ばしょ,place
提供,ていきょう,offer
世界,せかい,world
世代,せだい,generation
視界,しかい,visibility
全部,ぜんぶ,all
安全,あんぜん,safety
供,きょう・供・そな,companion/offer
世,せ・せい・よ,world/world
界,かい,world
全,ぜん・まった・すべ,all
部,ぶ・へ,part/section
始,し・はじ,begin
週,しゅう,week
毎週,まいしゅう,every week
以,い,by means of/compared with
〜以外,いがい,other than
〜以上,いじょう,or more
以前,いぜん,before/formerly
考,こう・かんが,think/idea
開,かい・あ・ひら,open
屋,おく・や,shop/house
方,ほう・かた・がた,direction/person
本屋,ほにゃ,bookstore
魚屋,さかなや,fish shop
屋上,おくじょう,roof top
読み方,よみかた,way of reading
屋内,おくない,indoor
夕方,ゆうがた,evening
方法,ほうほう,method
両方,りょうほう,both
運,うん・はこ,transportation/luck
運がいい,うんがいい,lucky
運動,うんどう,exercise
動,どう・うご,move
動物,どうぶつ,animal
自動車,じどうしゃ,automobile
動詞,どうし,verb
教,おし・きょう,teach
教える,おしえる,to teach
教会,きょうかい,church
教室,きょうしつ,classroom
室,しつ,room
地下室,ちかしつ,basement
待合室,まちあいしつ,waiting room
お客さん,おきゃくさん,guest/visitor/customer
お湯,おゆ,hot water
かぎ,key
火事,かじ,fire
紙,かみ,paper
給料,きゅうりょう,salary
コンタクト,contacts
最低,さいてい,the lowest/the worst
残基,ざんぎょう,overtime work
首相,しゅしょう,prime minister
ショッピングモール,shopping mall
スプーン,spoon
宝くじ,たからくじ,lottery
違い,ちがい,difference
動物園,どうぶつえん,zoo
ニュース,news
パンダ,panda
ヒーター,heater
ひげ,beard
秘密,ひみつ,secret
ブーツ,boots
寮,りょう,dormitory
旅行会社,りょこうがいしゃ,travel agency
危ない,あぶない,dangerous
うらやましい,envious
少ない,すくない,a little/a few
強い,つよい,strong
選ぶ,えらぶ,to choose
お湯を沸かす,おゆをわかす,to boil water
髪をとかす,かみをとかす,to comb one's hair
宝くじに当たる,たからくじにあたる,to win a lottery
脱ぐ,ぬぐ,to take off clothes
ひげをそる,to shave one's beard
いれる,to make tea/coffee
生まれる,うまれる,to be born
かぎをかける,to lock
足りる,たりる,to be sufficient
お祈りする,おいのりする,to pray
化粧する,けしょうする,to put on makeup
就職する,しゅうしょくする,to get a full time job
離婚する,りこんする,to get a divorce
〜かな,I wonder
自分,じぶん,oneself
随分,ずいぶん,very
そうか,I see (casual)
それに,moreover
例えば,たとえば,for example
〜に比べて,〜にくらべて,compared with
〜によると,according to...
前,まえ,before
やっぱり,after all
手段,しゅだん,means/way/measure
制御,せいぎょ,control (of a machine/opponent/emotions)
許す,ゆるす,permit/approve
台座,だいざ,pedestal
追いかけっこ,おいかけっこ,chasing one another
虹,にじ,rainbow
魂,だましい,soul/spirit
繰り出す,くりだす,to let out/send out
分け与える,わけあたえる,to distribute/hand out
光り輝く,ひかりかがやく,to shine/to glitter
退屈,ていくつ,tedium/boredom/dullness/to get tired of
用意,ようい,preparation/arrangements
手分け,てわけ,division of labor
初対面,しょたいめん,first meeting
出前,でまえ,home delivery
素直,すなお,obedient/meek/docile
遺跡,いせき,historic ruins
興味,きょうみ,interest
示す,しめす,to show/demonstrate/to point out
持ち合わせる,もちあわせる,to happen to have in stock
麗しい,うるわしい,beautiful/lovely
独自,どくじ,original/unique/independent
風習,ふうしゅう,custom (tradition)
腕試し,うでだめし,trying one's ability
鍛える,きたえる,to forge/discipline/train
西部劇,せいぶげき,western (film genre)
決闘,けっとう,duel/shoot-out
再会,さいかい,another meeting
歳,さい・せい,year/age
二十歳,はたち,20 year-old
お歳暮,おせいぼ,year-end gift
主,しゅ・おも,main/lord
主に,おもに,mainly
ご主人,ごしゅじん,husband
持ち主,もちぬし,owner
結,けっ・けつ・むす,tie/join
結果,けっか,result
結論,けつろん,conclusion
特集,とくしゅう,feature
集中する,しゅうちゅうする,to concentrate
婚,こん,marriage
未婚,みこん,unmarried
発,はっ・はつ・ぱつ,start/reveal
発明,はつめい,invention
表,ぴょう・ひょう・あらわ・おもて,to express/surface
表紙,ひょうし,cover page
表す,あらわす,to express
品,ひん・じな・しな,goods/refinement
作品,さくひん,piece of work
手品,てじな,magic
上品な,じょうひんな,elegant
字,じ,character/letter
名字,みょうじ,family. name
大文字,おおもじ,upper case letters
活,かつ,lively
活動,かつどう,activity
活発な,かっぱつな,active
写,しゃ・うつ,copy
写生,しゃせい,sketch
写す,うつす,to copy
描写する,びょうしゃする,to describe
真,しん・ま,true/reality
歩道,ほどう,sidewalk
進歩,しんぽ,progress
野,や・の,field
渋谷,しぶや,Shibuya
新宿,しんじゅく,Shinjuku
原宿,はらじゅく,Harajuku
品川,しながわ,Shinagawa
後,あと,the rest
カーテン,curtain
クッション,cushion
シャンプー,shampoo
しょう油,しょうゆ,soy sauce
スイッチ,switch
外,そと,outside
エアコン,air conditioning
日記,にっき,diary
虫,むし,bug
家賃,やちん,rent
夕方,ゆうがた,evening
留守番電話,るすばんでんわ,answering machine
冷蔵庫,れいぞうこ,refridgerator
ろうそく,candle
明るい,あかるい,bright
気分が悪い,きぶんがわるい,to feel sick
暗い,くらい,dark
恥ずかしい,はずかしい,embarassing
開く,あく,(something) opens
謝る,あやまる,to apologize
押す,おす,to press/to push
落とす,おとす,to drop (something)
お湯が沸く,おゆがわく,water boils
転ぶ,ころぶ,to fall down
咲く,さく,to bloom
閉まる,しまる,(something) closes
助かる,たすかる,to be helped
頼む,たのむ,to ask a favor
汚す,よごす,to make dirty
落ちる,おちる,something drops
消えろ,きえる,something goes off
壊れる,こわれる,something breaks
汚れる,よごれる,to become dirty
注文する,ちゅうもんする,to place an order
今すぐ,いますぐ,right away
おかげで,thanks to...
お先に失礼します,おさきにしつれいします,see you (polite)
お疲れ様,おつかれさま,you must be tired after working hard
〜だろう,short form of でしょう
どうしよう,what should I/we do?
本当に,ほんとうに,really
まず,first of all
〜までに,by time/date
